rank,uri,artist_names,track_name,source,peak_rank,previous_rank,weeks_on_chart,streams
1,"spotify:track:4ksf1UdqNc9pU8R4ZZrgdY","Miranda!","Tu Misterioso Alguien","Pelo Music",1,1,4,"2539318"
2,"spotify:track:6X8DTIJEgHUjZynuds0E2f","Roze Oficial, Max Carra, Valen, RAMKY EN LOS CONTROLES","Tu jardín con enanitos","Sony Music Uruguay",1,2,11,"2333713"
3,"spotify:track:6iOndD4OFo7GkaDypWQIou","W Sound, Beéle, Ovy On The Drums","La Plena - W Sound 05","WEA Latina",1,3,23,"2162919"
4,"spotify:track:5lwPKH5nmro0uXGs8PiAQq","Myke Towers","TENGO CELOS","WEA Latina",4,24,3,"1794185"
5,"spotify:track:7koAf6aZgjO6TS7bipfPD0","Ovy On The Drums, Quevedo, Beéle","YO y TÚ","WEA Latina",5,7,8,"1599790"
6,"spotify:track:4OsBqqMwFabHATATT527tH","Myke Towers, Quevedo","SOLEAO","WEA Latina",4,5,10,"1527485"
7,"spotify:track:2iDDnYmaz1HhedjI91fbmp","DENNIS, Luísa Sonza, Emilia","MOTINHA 2.0 (Mete Marcha) - Remix","Sony Music Entertainment Brasil / 5020 Records",3,4,15,"1332201"
8,"spotify:track:4DnrAI8WyUY6gkOwl8GlPN","Alleh, Yorghaki","capaz (merengueton)","CONMUER LLC",3,6,30,"1300512"
9,"spotify:track:6WJ2QzbVnjmPGKpmb6tmmO","La T y La M","amor de veraNO","Sony Music Uruguay",5,8,12,"1211968"
10,"spotify:track:36x1AGih4bK9cnPjbbChgG","Lali, Miranda!","MEJOR QUE VOS","Sony Music Argentina",10,10,26,"1141728"
11,"spotify:track:2F6PBqz7aPA7K309aFKMHt","Cazzu","Con Otra","DALE PLAY Records / RIMAS Entertainment LLC",6,12,20,"1112240"
12,"spotify:track:0vcuJjViqrFCCWUrjrZW1X","Maria Becerra, Paulo Londra, XROSS","RAMEN PARA DOS","WEA Latina",1,15,13,"1096905"
13,"spotify:track:5MKbWaXeSQSmzmo7gPQha1","La T y La M, Malandro","Amor de Vago","GraceMusic",1,13,48,"1093434"
14,"spotify:track:0mYdCMOJH2nvHXx9VLzVBl","DesaKTa2","Entra En Mi vida / La De La Mala Suerte - En Vivo","Almenara Network S.A.S",14,14,4,"1034411"
15,"spotify:track:7d6yK8v8J484SWH5prIQiE","Bad Bunny, Omar Courtz, Dei V","VeLDÁ","Rimas Entertainment LLC.",6,18,31,"1030278"
16,"spotify:track:61qPUnazSdkvua4wgA4L8C","Babasonicos","Como Eran Las Cosas","Universal Music Argentina S.A.",11,11,125,"1021909"
17,"spotify:track:6wDig9zSE2qpDbw1W3qqIX","FMK, Emilia, Nicki Nicole, Tiago PZK","MASNA REMIX","Sony Music Entertainment Chile S.A",12,16,9,"1005982"
18,"spotify:track:2lTm559tuIvatlT1u0JYG2","Bad Bunny","BAILE INoLVIDABLE","Rimas Entertainment LLC.",1,17,31,"995347"
19,"spotify:track:2mdrVnxEnPR6iFijakkxQS","Young Cister, Kreamly","QLOO*","Sony Music Entertainment Chile S.A",19,46,6,"927211"
20,"spotify:track:1KaXG7dVdwMH3gCtiAU39t","Emilia, TINI, Nicki Nicole","blackout 🧊","Sony Music Latin",1,27,20,"908824"
21,"spotify:track:27xkOIER6uDLKALIelHylZ","Jin","Don’t Say You Love Me","BIGHIT MUSIC",17,26,12,"882877"
22,"spotify:track:1HEwEN64NjgTaHmo7LfkX8","Beéle","no tiene sentido","5020 Records",19,25,11,"877420"
23,"spotify:track:5DdLSEyKh8zgCrJq2hFj92","Yan Block, TORRRES","Yo sé","SONAR LLC.",11,22,31,"861847"
24,"spotify:track:0PXMe1jhIjvIdJ7aBmnsNf","Emilia, Luísa Sonza","bunda 🍑","Sony Music Latin",1,20,24,"840899"
25,"spotify:track:7dCGkDZgWIDSZyxInMkdIv","Mattei","Pa las girlas","WEA Latina",3,37,17,"795996"
26,"spotify:track:5vHWh24GAsXJ7tnIu8v7UN","Airbag","Por Mil Noches","DALE PLAY Records / Airbag",18,23,290,"795320"
27,"spotify:track:7JKptWv4YXmievid0HajID","Luck Ra, KHEA","HOLA PERDIDA","Sony Music Entertainment Chile S.A",1,64,83,"787198"
28,"spotify:track:5IgmWwbNUeZzvYrODLletR","Max Carra","UWAIE - versión cumbia","Max Carra",28,30,27,"783274"
29,"spotify:track:4zhk2RS2EZODmBW6il55Qj","Beéle, Ovy On The Drums","mi refe","5020 Records",20,33,31,"767076"
30,"spotify:track:44m9PAUZYeOEGeaTYh6NAl","No Te Va Gustar, Juan Casanova","Tan Lejos","Elefante Blanco",28,29,158,"763893"
31,"spotify:track:6C1RD7YQVvt3YQj0CmuTeu","Bad Bunny, Ozuna, Farruko, Arcángel, Ñengo Flow, DJ Luian, Mambo Kingz","Diles","Rimas Entertainment LLC",31,38,80,"759051"
32,"spotify:track:2grcaP2t5eJpDv4YhOuMWn","Miranda!, TINI","Me Gusta","Sony Music Argentina",19,32,13,"757807"
33,"spotify:track:1KfiYYMCZkP7no8DdkXFDl","Tobal Mj, Lucky Brown, Nacho G Flow","Tiene","Stars Music Chile 2024",22,41,17,"748765"
34,"spotify:track:0AXKoQuC2NQ8S2QRF0Gu02","Plan B","Fronteo","Pina Records",9,9,8,"748693"
35,"spotify:track:6MuJUSYCqA4FpMogUHzb2R","No Te Va Gustar","Ese Maldito Momento","Elefante Blanco",28,35,194,"740430"
36,"spotify:track:2asUhQ9DDNtVinkQ095Rhm","Maria Becerra, XROSS","INFINITOS COMO EL MAR","WEA Latina",36,-1,1,"737186"
37,"spotify:track:0DMJz677XfXiiruhIELu2e","Jombriel, DFZM, Jøtta","VITAMINA","WEA Latina",4,19,22,"723228"
38,"spotify:track:5jX8y3uTztypaMgOinxYMw","Emilia, Six Sex","pasarella 👠","Sony Music Latin",21,44,5,"715517"
39,"spotify:track:59D4DOkspUbWyMmbAPQkxZ","Bad Bunny","VOY A LLeVARTE PA PR","Rimas Entertainment LLC.",5,39,31,"715477"
40,"spotify:track:1o4xkdBe0RjSf2u6VXi4OI","Yan Block, Panda Black","444","SONAR LLC.",25,36,26,"708564"
41,"spotify:track:0CgpCtEPvyDizcg2p47VrU","No Te Va Gustar","A las Nueve","Elefante Blanco",27,34,345,"698120"
42,"spotify:track:2XbsqBrOdYjm0OLBEepID7","TINI, Beéle","Universidad","5020 Records",3,31,7,"695330"
43,"spotify:track:5lCk0ZeN8h76QxNqHEGMZJ","Cris MJ","Vamo a Bailotear","Sonar LLC.",4,28,6,"678603"
44,"spotify:track:2ANtIUI9cipWNI685VdlZb","Pablo Chill-E","Resentia","G STARR ENT",11,45,29,"678378"
45,"spotify:track:6ifUES3keWjwXgae8pXI3o","Danny Ocean","Me Rehúso","Atlantic Records",1,47,178,"676397"
46,"spotify:track:4KRlNVLHn2ZgGvpjnga31N","Luciano Pereyra, Ezequiel Y La Clave, Un Poco de Ruido, Pinky SD","Si No Es Muy Tarde - Versión Cumbia","Universal Music Argentina S.A.",14,42,17,"667001"
47,"spotify:track:0c27qjzqEgMLMnWTl5bCU8","benjitalkapone","Mambinho Brasileño","Nextlevel music",47,90,6,"663813"
48,"spotify:track:09QfIIP4NUx4A3thmovb2o","Miranda!","Perfecta","Pelo Music S.A.",40,40,3,"658249"
49,"spotify:track:43YmZ0EmBmqNLTCK8Go1tz","Miranda!","Mentía","Pelo Music",21,21,3,"648908"
50,"spotify:track:6kPCcIAGoTeRrh8qrmKa90","Tiago PZK, Ke Personajes","Piel","WEA Latina",2,99,79,"613999"
51,"spotify:track:0N361WhEqVunVl5ZBkfd70","Árbol","El Fantasma","Surco",47,50,61,"592335"
52,"spotify:track:3X8jKI7kHrbhqgLboG14tw","Eugenia Quevedo, Angela Leiva, La banda de Carlitos","No Podrás - En Vivo","Eugenia Quevedo",45,59,23,"578003"
53,"spotify:track:2YNMRnIJMCxDQWYfXRxJmB","Tan Bionica","Obsesionario en La Mayor","Pirca Records",53,133,113,"570391"
54,"spotify:track:4qXdhvf2VrfYZqAaPTnn3m","Miranda!","Prisionero","Pelo Music S.A.",43,43,3,"566122"
55,"spotify:track:4581iSIX0QZNNzAQRysF3k","Airbag","Nunca Lo Olvides","DALE PLAY Records",40,54,37,"559862"
56,"spotify:track:3sK8wGT43QFpWrvNQsrQya","Bad Bunny","DtMF","Rimas Entertainment LLC.",1,57,31,"544630"
57,"spotify:track:6qGmdKRvLumRqcjq5vKAOi","Sharon y los Camperos del Chamamé","Cuidado Que Te Supero","LHA Music",57,60,13,"532737"
58,"spotify:track:1C7NXX8UJ6pgNx8EkmyZDd","Beéle","si te pillara","5020 Records",58,62,6,"522211"
59,"spotify:track:0GmiGIxXDNrePrHBpijYDp","Yannc, Darkiel, Eladio Carrion, Brray, Myke Towers","Sigue Bailandome","Full Harmony",46,73,6,"519715"
60,"spotify:track:7upAH0ezzsThyvr33YKn4u","Turf","Pasos Al Costado","Pop Art",52,52,372,"516658"
61,"spotify:track:6J5kc12BW5HuP3d7C3vvx8","Bad Bunny","EoO","Rimas Entertainment LLC.",15,70,31,"513361"
62,"spotify:track:23FJGRug9hlYUIBnrmkIBX","Airbag","Cicatrices","DALE PLAY Records / Airbag",41,61,68,"513336"
63,"spotify:track:7eNwwoxDR8KVzNAuGvliAO","Omar Courtz, De La Rose, Haze","Kyoto","House of Haze",33,78,54,"509397"
64,"spotify:track:1LiN0Z98FkR1t0m8KmLcAH","Anuel AA, Haze","Amanece","House of Haze",10,88,161,"507828"
65,"spotify:track:0Sr7ssScx54yxdM2ols7nW","Omar Courtz, De La Rose","Q U E V A S H A C E R H O Y ?","Mr.305 Records / Rimas Entertainment LLC.",1,71,45,"500538"
66,"spotify:track:5zpZUFF7YyPG90nkR88RYd","Babasonicos","Puesto","Universal Music Argentina S.A.",37,56,27,"500168"
67,"spotify:track:1TyBUtMxdmRfXhW3MmbxtQ","Luck Ra, Abel Pintos","QUE ME FALTE TODO","Sony Music Entertainment Chile S.A",3,58,93,"498244"
68,"spotify:track:4MUrUT38U98olfnyzMBCzm","Bad Bunny","KLOuFRENS","Rimas Entertainment LLC.",14,68,31,"496126"
69,"spotify:track:2Syg7oH4lJ2yG2pE7QCcIv","Emilia","perfectas","Sony Music Latin",69,-1,1,"495072"
70,"spotify:track:2Xetks48zQL2K7xUbJBHRn","Q' Lokura, Los Herrera","Cuidado Que Te Supero","Q' Lokura",42,79,65,"494310"
71,"spotify:track:2jEjxOyKqMpkcThWl697hf","Babasonicos","El Loco","Pop Art",71,-1,35,"492950"
72,"spotify:track:1rh4kDY9T4fHVDum8Foi5k","Gustavo Cerati","Adiós","Ariola",53,53,136,"488037"
73,"spotify:track:0l0vcZMU7AOeQmUIREoI2U","Rauw Alejandro, Bad Bunny","Qué Pasaría...","Sony Music Latin/Duars Entertainment",14,75,38,"485799"
74,"spotify:track:0WajUW5XINeraP2w0F3F8E","Miranda!","Don","Pelo Music S.A.",55,55,10,"483563"
75,"spotify:track:1Zh6HllrXT0Khrwk2j3TrZ","La T y La M","No Se Va","GraceMusic",51,69,41,"481173"
76,"spotify:track:6uiQ0DqbXTBc8tl0AUKZkR","Rels B","TU VAS SIN (fav)","DALE PLAY Records / Flakk Team",76,122,3,"479914"
77,"spotify:track:31we7ZzWdSBEOKs5Ln6QVF","De La Rose, Omar Courtz","NUBES","WEA Latina",15,107,18,"478846"
78,"spotify:track:1fU2DcwVJEuUvGV3mUam8T","La Delio Valdez","Inocente","Delirio Valdez Records",41,82,171,"473162"
79,"spotify:track:71N3UjxfXEWljGkjBDcnNY","Luck Ra, Tiago PZK","FUE CULPA TUYA","Sony Music Latin",12,72,17,"469022"
80,"spotify:track:1PREzVLuDT6PSE9sej4wnV","Fuerza Regida, Grupo Frontera","COQUETA","Rancho Humilde/Streetmob Records/Grupo Frontera/Sony Music Latin",80,91,6,"463359"
81,"spotify:track:3I4YGWwJoqBdBGVnkRjnVw","Slayter, Yan Block, NTG","secuestro","SONAR LLC.",36,81,14,"462115"
82,"spotify:track:76lXtXJP6VqX6r9Ks3AUy0","Peipper, DobleP, Locura Mix","Si Las Gatas Se Amotinan","SUPERNOVAS MUSIC",8,102,37,"461269"
83,"spotify:track:3KAdpFK7rveKAAwpgjwhNn","Eugenia Quevedo, La banda de Carlitos","Como Lo Hizo? - En Vivo","Eugenia Quevedo",60,84,23,"458713"
84,"spotify:track:0C9V5jMElp7laZZdsCHufD","Los Tipitos","Campanas en la Noche","Pop Art",67,80,269,"457717"
85,"spotify:track:5UUIqKFpTq2Ri3YvFcof5c","Miranda!","Extraño","Pelo Music S.A.",48,48,4,"455767"
86,"spotify:track:0STW8nw4lNN4TEQ8KmNer6","Jombriel, Alex Krack, Jøtta","Parte & Choke","WEA Latina",3,161,37,"450670"
87,"spotify:track:2hi1aFllOFRNH8gIHxQvD9","Cosculluela, Nicky Jam","Te Busco","Rottweilas, Inc.",66,76,38,"447157"
88,"spotify:track:18m5dJOPB2geFwOymXNaWg","Mora, De La Rose","AURORA","Rimas Entertainment LLC.",37,98,11,"446484"
89,"spotify:track:06s3QtMJVXw1AJX3UfvZG1","Anuel AA, Bad Bunny","Hasta Que Dios Diga","2020 Real Hasta La Muerte, LLC",7,95,76,"445902"
90,"spotify:track:6DUdDIRgLqCGq1DwkNWQTN","Maluma","Borro Cassette","Sony Music Latin",16,93,122,"443426"
91,"spotify:track:6tjz2ZCL2jmPY1jPsbRk2H","Miranda!, Emilia","Uno los Dos","Sony Music Argentina",12,67,34,"439156"
92,"spotify:track:2kB1rqoTaZ3j6ChtIWGurm","Viejas Locas","Me Gustas Mucho","Universal Music S.A.",73,97,62,"438744"
93,"spotify:track:7so0lgd0zP2Sbgs2d7a1SZ","Lady Gaga, Bruno Mars","Die With A Smile","Interscope Records",20,119,51,"438738"
94,"spotify:track:1YYfyJ2yCvGFCxwjsIqEK9","Rauw Alejandro, Romeo Santos","Khé?","Sony Music Latin/Duars Entertainment",19,87,38,"435596"
95,"spotify:track:0XWqcDAa5ZCmyBOYukrRoQ","Yami Safdie, Emilia","+ Te Vale","WEA Latina",21,124,7,"434821"
96,"spotify:track:0JoHqmlqE0W0i9prt6kcHR","Maluma, Trap Capos, Noriel, Bryant Myers, Juhn","Cuatro Babys (feat. Trap Capos, Noriel, Bryant Myers & Juhn)","Sony Music Latin",17,103,69,"434821"
97,"spotify:track:3UVM7rdOSbm2vKDXB9SsWo","Cosculluela","Manicomio","Rottweilas, Inc.",18,108,81,"433412"
98,"spotify:track:17phhZDn6oGtzMe56NuWvj","Teddy Swims","Lose Control","Warner Records",37,118,56,"433198"
99,"spotify:track:4eqXTlaHeK6xkM1fRx9wR5","Pinky SD, Un Poco de Ruido, Uriel Lozano","Conmigo Te Gustó","Pinky SD",13,117,51,"427494"
100,"spotify:track:73scB4Q4fcOmnsBVZPmk32","KAROL G","Si Antes Te Hubiera Conocido","Bichota/Interscope Records",1,89,59,"426596"
101,"spotify:track:0WDvsKwqhn9alx29Z80DmG","Bad Bunny","ALAMBRE PúA","Rimas Entertainment LLC",32,66,3,"423290"
102,"spotify:track:7bywjHOc0wSjGGbj04XbVi","Feid, ATL Jacob","LUNA","UMLE - Latino",5,106,87,"419626"
103,"spotify:track:5aeIGMzSTG6hQogkrF4WPU","Duki","Golfista","DALE PLAY Records / SSJ Records",12,86,10,"419263"
104,"spotify:track:5TFD2bmFKGhoCRbX61nXY5","Bad Bunny","NUEVAYoL","Rimas Entertainment LLC.",8,110,31,"418418"
105,"spotify:track:4k3K6Ke6KfAWb7zyQWrTEA","Los Pericos","Pupilas Lejanas","EMI Odeon S.A.I.C.",75,85,38,"417707"
106,"spotify:track:1Mqfdem6pgGVoULjSkkcc9","Airbag","Cae el Sol","DALE PLAY Records / Airbag",56,83,78,"417585"
107,"spotify:track:1CPZ5BxNNd0n0nF4Orb9JS","HUNTR/X, EJAE, AUDREY NUNA, REI AMI, KPop Demon Hunters Cast","Golden","K-Pop Demon Hunters",107,127,4,"415996"
108,"spotify:track:0ZAJ660VP57lLK4U7NlGOy","Intoxicados","Nunca quise","Pop Art",63,94,445,"413750"
109,"spotify:track:0vUqiSvbUICW3YtTA5ecSX","Miranda!, Maria Becerra, FMK","Perfecta (Versión 2023)","Sony Music Argentina",8,92,46,"412874"
110,"spotify:track:4dLLdfiniBhDP9dlJQIOi4","Los Ángeles Azules, Emilia","Perdonarte, ¿Para Qué?","OCESA Seitrack",1,114,63,"410629"
111,"spotify:track:5q2JbCNi4FcnglgPfxcV65","Anuel AA, Daddy Yankee, Zion & Lennox, Farruko, Wisin","Sola (Remix)","Spiff TV, LLC / Real Hasta La Muerte, Inc.",12,109,97,"409536"
112,"spotify:track:4SJHHpKhcuXwDsCsPqshXj","Rauw Alejandro, Chencho Corleone","El Efecto","Duars Entertainment, Corp.",30,132,92,"408498"
113,"spotify:track:1p7m9H4H8s0Y7SgRm7j3ED","Andrés Calamaro","Flaca","DRO/EastWest Spain",61,144,360,"405993"
114,"spotify:track:6il9B9hrZPNpXei57XM1Sv","Max Carra, Lira","VIAJEMOS EN EL TIEMPO #1 | Quien Te Quiere Como Yo","Espantapájaros Music",42,63,7,"405160"
115,"spotify:track:0OcYoSGA1CFGZcCuPLyfhj","Airbag","Solo aquí","WM Argentina",71,-1,4,"404166"
116,"spotify:track:2VZrQstXX2ax3N5s9PDCc2","Bhavi, Seven Kayne, Milo j, Tiago PZK, KHEA, Neo Pistea","BESAME (feat. Tiago PZK, Khea & Neo Pistea) - Remix","Bhavilonia",1,-1,57,"399890"
117,"spotify:track:6vRQqxOhUFd78p5tL8jXr7","Luck Ra, BM","La Morocha","Sony Music Entertainment Chile S.A",1,111,109,"397909"
118,"spotify:track:5n2XTRsYFlZwNBp06KAjDX","Cosculluela, Bad Bunny","Madura","Rottweilas, Inc.",6,136,91,"396362"
119,"spotify:track:4AXgx8dQgAxPnMGzydsitJ","Q' Lokura, Los Herrera","Carita Triste","Q' Lokura",50,121,20,"395458"
120,"spotify:track:67Q93kXygxCskeQiIP0V0j","Ciro y los Persas","Me Gusta","300 Producciones",60,104,441,"394717"
121,"spotify:track:6Soxxi73U6SO4rOGJwYYxI","Los Piojos","Tan Solo","El Farolito Discos",53,101,140,"394567"
122,"spotify:track:5PCOOngROV9jWsUViSy4Ed","j-hope, GloRilla","Killin' It Girl (feat. GloRilla)","BIGHIT MUSIC",69,126,8,"393901"
123,"spotify:track:0u6JsFiEEXb6kaF0oqyeFi","Luck Ra, La K'onga, Ke Personajes","Ya No Vuelvas (Versión Cuarteto)","Sony Music Entertainment Chile S.A",1,129,140,"392385"
124,"spotify:track:7q7XFO9av9VpNJSXKJwJxD","Las Pelotas","Personalmente","Pop Art",107,-1,197,"391862"
125,"spotify:track:3xkHsmpQCBMytMJNiDf3Ii","Benson Boone","Beautiful Things","Night Street Records, Inc./Warner Records Inc.",50,146,64,"388562"
126,"spotify:track:5hKjEpYrJIJs6uPl7zw6Y6","Jory Boy, Bad Bunny","No Te Hagas","Young Boss Entertainment",54,131,59,"388126"
127,"spotify:track:1yg1tWFaYajN4b7vsKtYRE","La T y La M","El Doctorado","GraceMusic",26,148,47,"387267"
128,"spotify:track:5Bi9Cq5oVFy1OtUgecbegZ","Callejeros","Creo","Pelo Music S.A.",84,113,318,"387076"
129,"spotify:track:1H7ktqkQx1PIuPfNtqvaBs","Airbag","Pensamientos","Pop Art",62,100,23,"382227"
130,"spotify:track:7qIw4D1PcDHigDohKkLB0W","Andrés Calamaro","Te quiero igual","DRO/EastWest Spain",66,116,43,"381898"
131,"spotify:track:14rcLGX83RpsORAIzC4U4g","Patricio Rey y sus Redonditos de Ricota","Un Poco de Amor Francés","Patricio Rey Discos",82,128,223,"381649"
132,"spotify:track:6c0RkVllf6V7FPy1EUCclz","Miranda!","Traición","Pelo Music S.A.",112,112,3,"381357"
133,"spotify:track:7L0pCzg4LmOxcPyk554aTa","Arcángel, Maria Becerra","5 Pa Las 12","Rimas Entertainment LLC.",113,141,4,"380825"
134,"spotify:track:5EhzE6HJaCcLFrf5rPqvpk","Camila","Mientes","Columbia",120,120,7,"380055"
135,"spotify:track:4oJUtlGzMWmyURfJsCwO3z","Emilia","beautiful 💄","Sony Music Latin",135,-1,1,"376992"
136,"spotify:track:6FucPjGxmA7jTblTsTAGyB","DobleP, La Joaqui, Gusty dj","PISANDO EL LAMBO","DALE PLAY Records / Wesaisons Records",136,139,3,"376864"
137,"spotify:track:2SPBFiD8iITb8CKJGz1TEQ","Yan Block","111","SONAR LLC.",62,149,19,"376309"
138,"spotify:track:0fea68AdmYNygeTGI4RC18","J Balvin, Bad Bunny","LA CANCIÓN","Universal Music Latino / Rimas",7,140,164,"371403"
139,"spotify:track:1bOomfQ28HND8HwT0tViLT","Lyon la f, Lamelodiadelhampa, Nacho G Flow","DEJA QUE EL MUNDO SE ACABE","PEGAO COMPANY",139,168,5,"370724"
140,"spotify:track:0oCiPqIEL5218yu2D996eP","Los Piojos","Bicho de Ciudad","300 Producciones",68,134,42,"370505"
141,"spotify:track:5kl4FkCUzVa5wicxafa9yc","Andrés Calamaro","Cuando no estás","WM Spain",123,-1,3,"370278"
142,"spotify:track:6iCnJkKswtMYoSmT58HmEn","Los Auténticos Decadentes","Un Osito de Peluche de Taiwán","Pop Art",123,123,12,"369293"
143,"spotify:track:6q41qt2R9K8BXEzmzImEGO","Intoxicados, Andrés Calamaro","Fuego","Pop Art",143,-1,1,"368703"
144,"spotify:track:7v6TT7EUEYAX1S7RZaZOkG","Duki","[FREE] 5202 Type Beat","DALE PLAY Records / SSJ Records",22,96,5,"368347"
145,"spotify:track:4O2ohvs9oWJdlCV2izX3Jb","Myke Towers, Manuel Turizo","SEÑORA (feat. Manuel Turizo)","WEA Latina",50,115,3,"366103"
146,"spotify:track:3KZCP2StVGdWkOKyRZNWA4","Plan B","Es un Secreto","Pina Records",28,49,143,"365549"
147,"spotify:track:2xbH0CuDbid800YW5nMPzR","Emanero, Karina, j mena, Angela Torres","SINVERGÜENZA - con Angela Torres","Fifty One",14,147,87,"363272"
148,"spotify:track:3oqWr0jDWNXxWufNogGREp","Gustavo Cerati","Crimen","Ariola",34,125,436,"362754"
149,"spotify:track:06WyITrA2pZJT5Nt79AOrb","Ulises Bueno, DesaKTa2","No Puedo Fingirlo","Almenara Network S.A.S",134,143,15,"360286"
150,"spotify:track:6cFf4Jfy7ThUwGzbqFcZsx","Estelares, Jorge Serrano","Ella Dijo","Pop Art",109,145,68,"359969"
151,"spotify:track:11PV8CaPqlto9Uejx92C35","Grupo Frontera, Ke Personajes","OJITOS ROJOS","Grupo Frontera",4,155,94,"359406"
152,"spotify:track:5WEF0icHWmAZBBMglBd599","Bad Bunny, Chuwi","WELTiTA","Rimas Entertainment LLC.",7,137,31,"358571"
153,"spotify:track:6rg1MBZqggsQ5olFGTw0rr","Divididos","Spaghetti del Rock","Ariola",80,198,321,"358270"
154,"spotify:track:7q3NthaBqFI6s0WnAlnIvq","Darell, Brytiago","Velitas","Sony Music Latin",56,-1,41,"358131"
155,"spotify:track:0ZyNiSXRbq68lmBjV0vJkR","Babasonicos","En Privado","Universal Music Argentina S.A.",155,164,3,"357171"
156,"spotify:track:4seJa0pAQbNlbhYzxXLvm1","Danny Ocean, Sech","Priti","Atlantic Records",24,74,14,"356522"
157,"spotify:track:2RkZ5LkEzeHGRsmDqKwmaJ","Alex Warren","Ordinary","Atlantic Records",122,166,13,"355002"
158,"spotify:track:7MVIfkyzuUmQ716j8U7yGR","Milo j, Taiu","Rara Vez","Universal Music Argentina S.A.",3,160,130,"353857"
159,"spotify:track:6NSMQFKgjpQb0KkjMDYIK0","Arcángel, Bad Bunny, Mambo Kingz, DJ Luian","Tu No Vive Asi (feat. Mambo Kingz & DJ Luian)","Hear This Music",87,-1,46,"352344"
160,"spotify:track:1AX4aybSRyXHWrjg27wTFE","Ke Personajes, Onda Sabanera","Pobre Corazón - En Vivo","Ke Personajes",2,152,121,"350895"
161,"spotify:track:5dDlknAL9imbXXl7uG7oqe","Omar Courtz","⁠LUCES DE COLORES","Mr.305 Records / Rimas Entertainment LLC.",114,151,19,"350170"
162,"spotify:track:3tt9i3Hhzq84dPS8H7iSiJ","Manuel Turizo","La Bachata","Sony Music Latin/La Industria",1,154,152,"349007"
163,"spotify:track:3xdbqyli0ZUKupnyKQfGJp","Salastkbron","Tengo Una Cadena","WM Chile",9,65,14,"347151"
164,"spotify:track:5kK8aTkR4QGcUx3UiVmOqA","Lucky Brown, Jere Klein, Fran C","Amor Escondido","Lucky Brown",164,169,5,"345494"
165,"spotify:track:30UefRr65RUnOQrgld53ps","DesaKTa2","Lamentablemente","Almenara Network S.A.S",163,173,3,"345414"
166,"spotify:track:2KcNrONbZ0hvBPjvrDO2tx","Myke Towers","ALMAS GEMELAS","WEA Latina",26,150,34,"344867"
167,"spotify:track:5GUgnXDDO4raKkT9lO5F1x","DesaKTa2, Aneley","Estaba Aqui Pensando","Almenara Network S.A.S",132,158,9,"343555"
168,"spotify:track:7L1xVDPk3nLxQIGOOryW7p","Eugenia Quevedo, La banda de Carlitos","Con Otra - En Vivo","Eugenia Quevedo",107,138,10,"340985"
169,"spotify:track:4YnmQG1fnJR9LnTZtix70T","J Abdiel, De La Rose, Yan Block, iZaak, Jay Wheeler","WYA REMIX RED","SONAR LLC.",18,192,33,"340909"
170,"spotify:track:1wIUWGdTdhVk5gIPd0ULxX","La Vela Puerca","Zafar","Surco",119,142,123,"340609"
171,"spotify:track:1JSTJqkT5qHq8MDJnJbRE1","The Police","Every Breath You Take","Polydor Records",127,159,121,"339354"
172,"spotify:track:3VvA1wSxukMLsvXoXtlwWx","Boza","Hecha Pa' Mi","Sony Music Latin",5,184,60,"338804"
173,"spotify:track:5AGnkbWCiF9u4ra54N9X1a","Bizarrap, Luck Ra","Luck Ra: Bzrp Music Sessions, Vol. 61","DALE PLAY Records",3,153,32,"338399"
174,"spotify:track:6kUopck7LHVadAjAFcXiTj","Patricio Rey y sus Redonditos de Ricota","Un Ángel para Tu Soledad","Patricio Rey Discos",115,157,150,"338174"
175,"spotify:track:03IpZ9yqJlo3EIgDQUgBSF","Duki, Myke Towers","Nueva Era","DALE PLAY Records / SSJ Records",1,162,40,"337171"
176,"spotify:track:04bg4edMdpKhsgkSzYqj55","Callejeros","9 de Julio","Pelo Music S.A.",79,167,67,"337098"
177,"spotify:track:1xCD7ccEtiylN6BBJ4ogXF","El Plan De La Mariposa","Túnel de la Vida","Savia Records",155,175,8,"336982"
178,"spotify:track:5PqINo0dGJTCyNXcBomwsb","Emilia","servidora 🕶️","Sony Music Latin",178,-1,1,"336079"
179,"spotify:track:3TQozt8h0YlDD6tFItl5x3","Olivia Wald, Q' Lokura","en la cara - En Vivo","Cascabel",47,177,44,"335915"
180,"spotify:track:2QP041AcWg8PwPIWP95RKN","Beéle","top diesel","5020 Records",149,172,7,"335201"
181,"spotify:track:48H3BsuIXKMYRTuFtxkRhh","YSY A","El Amanecer","Ysy A",64,186,67,"334813"
182,"spotify:track:1R3ubqAHKHE6f64Hz37q8h","La T y La M","Un Montón de Estrellas - En Vivo Gran Rex","GraceMusic",13,193,36,"332786"
183,"spotify:track:4MPwBYidOWnwpKlqQYJEzX","La Vela Puerca","Va A Escampar","Surco",138,176,13,"332677"
184,"spotify:track:4pE1Hx6HgUwMpjE9AUGXna","Las Pastillas del Abuelo","Rompecabezas de Amor","Discos Crack",107,191,97,"331732"
185,"spotify:track:2BvPMS2XWfnCpHHvWeOyeC","Mora","DETRÁS DE TU ALMA","Rimas Entertainment LLC.",94,-1,7,"330300"
186,"spotify:track:4waqcUQWdj0yH26STWl2Rq","La Oreja de Van Gogh","Rosas","Columbia",66,171,27,"328732"
187,"spotify:track:3ydweVPwq9PCEVJ8WwqT6u","Los Auténticos Decadentes","Loco (Tu Forma De Ser)","RCA Records Label",170,170,10,"327478"
188,"spotify:track:2pmHBQiIjVfTyn3p1rRbSB","Intoxicados","Esta Saliendo El Sol","Universal Music Argentina S.A.",89,200,73,"327432"
189,"spotify:track:6VPIaZNNJFOY9U17geQz1o","Los Abuelos De La Nada","Lunes Por La Madrugada","Universal Music Argentina S.A.",130,179,48,"326557"
190,"spotify:track:3tiJUOfAEqIrLFRQgGgdoY","Big One, FMK, Ke Personajes","Un Finde | CROSSOVER #2","Fifty One",1,178,122,"326191"
191,"spotify:track:63zeT81t627KKfZsC920QN","JC Reyes, Pirlo","REMEDIO","JC Reyes",191,-1,1,"325941"
192,"spotify:track:0Nj3EM5QMCIdTbWM3wzJGR","Los Cafres","Casi q' me pierdo","Pop Art",156,-1,4,"325825"
193,"spotify:track:3n6EihEumKlLky7mfeOj71","Pinky SD, Un Poco de Ruido, Q' Lokura","Yo Era","Pinky SD",51,-1,37,"325635"
194,"spotify:track:3AJwUDP919kvQ9QcozQPxg","Coldplay","Yellow","Parlophone UK",25,183,47,"324648"
195,"spotify:track:6d4d6cwiAf59mKxoRmXQoK","Babasonicos","Irresponsables","Pop Art",107,163,82,"324364"
196,"spotify:track:4TGwERXRlyQtBdggYTHo6j","Tiago PZK, LIT killah, Maria Becerra, Nicki Nicole","Entre Nosotros (Remix) [con Nicki Nicole]","WEA Latina",1,-1,111,"323860"
197,"spotify:track:35ttE4t8lQZA2vuCYDg4G7","Milo j","M.A.I","DALE PLAY Records",11,181,88,"323563"
198,"spotify:track:2qBirMakpTdz9ymxrZEyzg","Luis Alberto Spinetta","Seguir Viviendo Sin Tu Amor","EMI Argentina",58,156,394,"321495"
199,"spotify:track:0aad6vDkOmu9d1aFNvOwYC","Divididos","¿Qué Ves?","Universal Music Argentina S.A.",162,-1,15,"321132"
200,"spotify:track:3bAAv8knmzFpYQsLFoK6de","Quevedo","TUCHAT","Quevedo",43,105,4,"320752"
